obj_1,obj_2,obj_3,obj_4,,
32.64966667,1241286683,0.212,53718889.81,1183.783229,51.23032552
27.89233333,2655119469,0.213666667,91746235.73,2532.119245,87.49602865
25.628,2337447349,0.218333333,52313006.08,2229.163503,49.88957031
23.82633333,1938229972,0.213,91191869.44,1848.440143,86.96734375
,,,,,
0,0,0,0,,
0.145708481,-1.139005844,-0.007861635,-0.707895231,,
0.215060899,-0.883084206,-0.029874214,0.026171124,,
0.270242677,-0.561468432,-0.004716981,-0.697575467,,
